datetime,x,y,z,magnitude
1772034379.679441,0.007451191544532776,-0.0023660659790039062,0.004482090473175049,0.009011529207634128
1772034379.776284,0.05097189545631409,-0.01762673258781433,0.029779493808746338,0.06160887987649905
1772034379.877176,-0.013106271624565125,0.0074758827686309814,0.0349690318107605,0.0380853825614129
1772034379.975548,0.07451075315475464,-0.019707918167114258,0.005169272422790527,0.07724620218205859
1772034380.0751472,0.05399230122566223,-0.00840538740158081,-0.029200196266174316,0.06195539194449828
1772034380.17465,-0.06676101684570312,0.010322123765945435,-0.00399017333984375,0.06767201114636504
1772034380.274201,-0.0031855106353759766,-0.008069276809692383,0.0038338899612426758,0.009484693905153193
1772034380.373886,0.00809691846370697,0.008886545896530151,0.005431950092315674,0.013192303376759645
1772034380.473474,-0.00461384654045105,-0.0007787048816680908,0.005051374435424805,0.0068855170378432085
1772034380.57297,0.0009598881006240845,-0.0020061731338500977,0.013220250606536865,0.013406011409376764
1772034380.674502,-0.008733317255973816,0.00036653876304626465,0.04931509494781494,0.05008376753670103
1772034380.77381,-0.01122044026851654,0.016937166452407837,-0.09455782175064087,0.09671580812608603
1772034380.871635,0.01599763333797455,0.01681646704673767,-0.012339115142822266,0.02628633863546071
1772034380.971112,0.00019092857837677002,0.01224169135093689,0.04103648662567139,0.042823926669941774
1772034381.070755,-0.019605115056037903,0.011112749576568604,6.961822509765625e-05,0.022535718009623645
1772034381.170912,-0.0019609257578849792,0.0012905895709991455,0.03331172466278076,0.03339433861117217
1772034381.2699971,0.06876073032617569,-0.007446318864822388,0.06812876462936401,0.09708251268662625
1772034381.369519,-0.003542620688676834,-0.018978863954544067,-0.022622287273406982,0.029740802272794943
1772034381.469005,0.03563743084669113,0.02253839373588562,0.020639002323150635,0.04694650238773404
1772034381.568575,-0.018445491790771484,-0.01529383659362793,0.01374143362045288,0.027621813899549097
1772034381.66821,-0.009216442704200745,0.004028379917144775,-0.009762942790985107,0.014017336152661765
1772034381.7677898,0.21325308084487915,0.055440157651901245,0.04906892776489258,0.2257393347254671
1772034381.867338,-0.1715421974658966,-0.012039601802825928,0.03802132606506348,0.1761172869389747
1772034381.9669309,-0.04139159619808197,0.014326274394989014,0.040872156620025635,0.05990859337889262
1772034382.066461,-0.04308004677295685,0.004619181156158447,-0.059255778789520264,0.07340622987503254
1772034382.166039,-0.03416389226913452,-0.011418908834457397,0.0883743166923523,0.0954336568763183
1772034382.2655969,0.0033468306064605713,-0.0028583109378814697,0.025062739849090576,0.025446259946584424
1772034382.365216,-0.2541810870170593,-0.08497047424316406,-0.06708943843841553,0.2762770335012739
1772034382.464709,-0.1795010268688202,0.031927645206451416,-0.04711604118347168,0.18830803092856274
1772034382.564204,-0.0007188320159912109,0.020482778549194336,0.02469789981842041,0.03209434828756117
1772034382.663863,0.07822826504707336,0.0060259997844696045,-0.03102099895477295,0.08436987911470309
1772034382.7632399,-0.0962769091129303,-0.008480310440063477,0.004332780838012695,0.09674674094402116
1772034382.863069,-0.010566145181655884,-0.05074736475944519,0.05799335241317749,0.07778282187055834
1772034382.962585,0.06613689661026001,0.011208146810531616,0.025813519954681396,0.07187523537779467
1772034383.062204,0.014584779739379883,-0.016272127628326416,0.028016209602355957,0.03553035234953225
1772034383.16166,0.034750670194625854,-0.008357435464859009,0.019647598266601562,0.04078582994338482
1772034383.261425,-0.021260738372802734,0.000812530517578125,0.021223783493041992,0.030052091237687338
1772034383.360796,-0.029705286026000977,-0.015476614236831665,0.0339626669883728,0.04770107289239245
1772034383.460362,0.03277730941772461,0.0039670467376708984,0.009335517883300781,0.03431095111817148
1772034383.559902,0.0070683956146240234,0.025759726762771606,0.05732494592666626,0.0632429851046952
1772034383.659635,-0.047641217708587646,-0.023066788911819458,0.01601618528366089,0.05530172299757068
1772034383.759026,-0.012232622131705284,0.012034833431243896,0.01422053575515747,0.022286720196085016
1772034383.858614,-0.01650196872651577,-0.016240715980529785,0.03732174634933472,0.04392025248077724
1772034383.960929,0.03241562843322754,0.012417614459991455,0.0062239766120910645,0.0352662444905311
1772034384.057938,0.04609367623925209,0.012324005365371704,-0.04271829128265381,0.06404186527268206
1772034384.157299,-0.03129109740257263,-0.011080652475357056,-0.02933812141418457,0.04430168172936959
1772034384.2568722,-0.007270194590091705,-0.005660653114318848,-0.005484938621520996,0.010723025447153383
1772034384.356374,-0.022675633430480957,0.002435028553009033,0.03367793560028076,0.04067329666776684
1772034384.455956,0.004428897053003311,0.005640745162963867,0.0026507973670959473,0.007645904902691667
1772034384.5555282,-0.0026397518813610077,0.0018332898616790771,-0.0033892393112182617,0.004670779894277989
1772034384.65513,-0.013431154191493988,6.660819053649902e-05,-0.007303833961486816,0.01528876483250695
1772034384.754616,-0.006327033042907715,-0.0062202513217926025,0.003570735454559326,0.009564153141745257
1772034384.854166,0.010152209550142288,-0.008025258779525757,0.0012306571006774902,0.012999486687088974
1772034384.953821,0.04413861781358719,0.004596531391143799,0.018983066082000732,0.0482669916319351
1772034385.053297,-0.05214107036590576,-0.006646990776062012,-0.0011091828346252441,0.05257474671208618
1772034385.1529741,-0.006579965353012085,-0.01769879460334778,0.03688257932662964,0.04143510507098371
1772034385.2550468,0.014990121126174927,0.005637764930725098,0.04768264293670654,0.05030032367908739
1772034385.352042,-0.037486732006073,-0.024445801973342896,0.024501264095306396,0.05102121375352593
1772034385.4515061,-0.036593370139598846,0.018393337726593018,0.016342222690582275,0.04409600722703561
1772034385.550994,-0.00841570645570755,0.021235346794128418,0.017197132110595703,0.028592051718000576
1772034385.650589,0.04098932445049286,-0.015484601259231567,-0.005230307579040527,0.044127697792163786
1772034385.75027,0.034688472747802734,-0.04577869176864624,0.007479369640350342,0.057921668931763065
1772034385.849709,-0.2889026701450348,0.010494023561477661,-0.04004848003387451,0.291854001343931
1772034385.949306,0.2601478099822998,0.0517442524433136,0.1513993740081787,0.30541139656138
1772034386.048908,0.04149526357650757,0.0023482143878936768,-0.02085578441619873,0.04650091132128815
1772034386.148371,0.08775879442691803,0.001384735107421875,0.007927894592285156,0.08812703900194406
1772034386.247971,-0.0021016597747802734,-0.011587381362915039,0.015092551708221436,0.019143393056715363
1772034386.347491,0.04492488503456116,-0.005845099687576294,-0.008916318416595459,0.046172624138469336
1772034386.447119,-0.04050460457801819,0.01592928171157837,0.060098886489868164,0.07420405086779626
1772034386.546767,-0.00663246214389801,0.02254617214202881,0.027310729026794434,0.03603047810289545
1772034386.646339,0.010632306337356567,0.013343006372451782,0.04091852903366089,0.04433291977058618
1772034386.745925,0.001738041639328003,-0.011244207620620728,0.030987858772277832,0.033010610188942274
1772034386.8454928,0.0729069709777832,0.1810334324836731,-0.11417311429977417,0.22610623636442503
1772034386.9452472,-0.09916381537914276,-0.1602451205253601,-0.3314349055290222,0.3812624523025678
1772034387.04464,-0.034809134900569916,0.017444372177124023,-0.05337017774581909,0.06606328682256445
1772034387.14413,0.05786508321762085,-0.0350269079208374,0.12517327070236206,0.14228000503445248
1772034387.243897,0.15114590525627136,0.13588684797286987,0.15877628326416016,0.257915157086435
1772034387.343336,-0.06399035453796387,0.0560532808303833,0.14281928539276123,0.16623502653124314
1772034387.442985,0.0691579133272171,-0.007803499698638916,-0.01764094829559326,0.07179773422671029
1772034387.5424318,0.1184801310300827,0.06033700704574585,-0.07375496625900269,0.15204568693656054
1772034387.642057,0.0683048889040947,0.0699319839477539,-0.36905044317245483,0.38177777545694686
1772034387.741623,0.03432178497314453,0.03110867738723755,-0.13273346424102783,0.14058416433563992
1772034387.841786,0.00778430700302124,0.1582067608833313,-0.07361352443695068,0.17466804402850106
1772034387.940668,0.051511019468307495,0.17723745107650757,0.0033910274505615234,0.18460227045714317
1772034388.0402942,-0.018964260816574097,0.21780550479888916,0.07209610939025879,0.23021018678205823
1772034388.13974,-0.053409188985824585,0.17195338010787964,-0.02662450075149536,0.18201475335509162
1772034388.239341,-0.026151418685913086,0.10525208711624146,-0.11531314253807068,0.15830040866534809
1772034388.33887,-0.05952839553356171,0.03749269247055054,-0.06564933061599731,0.09622456273644463
1772034388.438459,-0.05237296223640442,-0.11029481887817383,0.04538102447986603,0.13025863360110612
1772034388.538027,-0.053772181272506714,-0.01570075750350952,0.017531394958496094,0.05869677226371238
1772034388.637694,-0.18079298734664917,0.08625465631484985,0.11313658952713013,0.2300562059574765
1772034388.737196,-0.05695200711488724,0.09723168611526489,0.030806005001068115,0.11681841397381405
1772034388.83674,-0.06471733748912811,0.030089378356933594,0.010293066501617432,0.07210861030137199
1772034388.936285,0.05391924828290939,0.06305563449859619,0.041872501373291016,0.09293333497013244
1772034389.035894,-0.01340939849615097,0.02977532148361206,0.12632358074188232,0.13047616176502086
1772034389.135473,-0.40981948375701904,-0.012048900127410889,-0.2842743396759033,0.49890789276109954
1772034389.2414489,-0.22874954342842102,0.10657727718353271,0.19813251495361328,0.3208450764970696
1772034389.3345652,-0.08455664664506912,-0.08508366346359253,-0.013250455260276794,0.1206840123829563
1772034389.43414,0.12445366382598877,0.008246183395385742,0.021459080278873444,0.12655910124016248
1772034389.5336928,-0.028848588466644287,-0.0591924786567688,-0.09073436260223389,0.11211028116494709
1772034389.633287,0.157674178481102,0.16894596815109253,0.7208186388015747,0.7569566676884188
1772034389.7328901,0.014941677451133728,-0.06597161293029785,-0.16579067707061768,0.17905880609792021
1772034389.8324652,-0.09399398416280746,-0.04271340370178223,-0.012147072702646255,0.10395602575047247
1772034389.9319382,0.1671207845211029,-0.005972146987915039,0.08061420917510986,0.18564394382667737
1772034390.031543,0.14672744274139404,-0.028720200061798096,0.10882878303527832,0.18492565090316285
1772034390.131113,0.11937791854143143,-0.000321805477142334,-0.11300981044769287,0.16438493924770975
1772034390.230655,-0.05609883368015289,0.0184972882270813,0.07980024814605713,0.09928397864812566
1772034390.330244,0.11319075524806976,-0.007659852504730225,0.1247408390045166,0.16861523457141525
1772034390.4298282,-0.7067480087280273,0.04022020101547241,0.20462463796138763,0.7368728892228197
1772034390.529403,0.225612074136734,0.02754157781600952,0.1851099729537964,0.29312974702651673
1772034390.628927,0.031137235462665558,0.02966398000717163,-0.10574307292699814,0.11415374113084426
1772034390.728488,-0.17837826907634735,0.07666122913360596,-0.246687650680542,0.3139276157480162
1772034390.828003,0.035022035241127014,0.05673032999038696,-0.21796786785125732,0.2279360978626951
1772034390.9276261,-0.042670562863349915,0.015924394130706787,-0.20435871183872223,0.2093725062368197
1772034391.027221,0.6959632635116577,-0.04997754096984863,0.8586299419403076,1.1063941413237897
1772034391.126752,0.09544359147548676,-0.05265963077545166,0.37767553329467773,0.3930920049003359
1772034391.226332,-0.10804395377635956,-0.01804107427597046,-0.12618829309940338,0.16710015447030604
1772034391.3258538,0.2889527380466461,-0.04412931203842163,0.46183741092681885,0.5465664416493436
1772034391.4254131,-0.4306172728538513,0.16354745626449585,-0.13582277297973633,0.48023622498784946
1772034391.524962,0.6113685369491577,0.013745248317718506,0.269026517868042,0.6680835929274669
1772034391.624573,-0.11884188652038574,0.049750685691833496,0.25918900966644287,0.2894433752055888
1772034391.724155,0.2809831500053406,-0.09976524114608765,-0.36740434169769287,0.47317077702049165
1772034391.823569,0.038814201951026917,-0.004328548908233643,0.03596348315477371,0.05309096655147432
1772034391.923541,0.19258569180965424,-0.028271913528442383,-0.10408329963684082,0.2207303401158419
1772034392.0227962,-0.059209950268268585,-0.011008739471435547,-0.05407923460006714,0.08094179495446022
1772034392.122397,-0.05888832360506058,0.006013035774230957,-0.007786929607391357,0.059704501747749175
1772034392.223213,0.012302421033382416,-0.00011426210403442383,0.10046857595443726,0.10121905637489195
1772034392.3230119,0.06757261604070663,-0.014699041843414307,0.02074587345123291,0.07219772527548066
1772034392.420938,-0.05680336058139801,0.0141715407371521,0.01416689157485962,0.06023416934845961
1772034392.522067,0.025080606341362,-0.013016939163208008,0.04747384786605835,0.055247115316898486
1772034392.624106,0.000859379768371582,-0.038052380084991455,0.023592591285705566,0.044780939330180326
1772034392.7199578,0.031006477773189545,-0.010706007480621338,0.06739413738250732,0.07495325218832528
1772034392.819213,0.10220371186733246,-0.024796783924102783,0.021532118320465088,0.10735041374771624
1772034392.918744,0.004225552082061768,-0.011852025985717773,0.042225420475006104,0.044060321658555904
1772034393.018283,-0.022894039750099182,-0.011908233165740967,0.006420150399208069,0.026592506545213564
1772034393.11784,-0.0009674802422523499,-0.0071752071380615234,-0.008385181427001953,0.011078397133925838
1772034393.217427,-0.017724864184856415,-0.005024552345275879,-0.004282772541046143,0.01891452027624179
1772034393.317058,-0.045769281685352325,-0.003831326961517334,-0.0073447078466415405,0.04651291160131448
1772034393.420856,0.03584137558937073,-0.012579560279846191,0.030092895030975342,0.0484606218730004
1772034393.516053,-0.02940242737531662,-0.0012502074241638184,-0.001935422420501709,0.02949256879469781
1772034393.615735,0.03886497765779495,-0.01916062831878662,-0.005432948470115662,0.0436707349948512
1772034393.715342,0.26769253611564636,-0.00998544692993164,0.17394284904003143,0.31939805537069305
1772034393.81489,-0.48526671528816223,0.01941859722137451,-0.09623914957046509,0.4950988192216324
1772034393.914643,-0.19622650742530823,0.03131866455078125,-0.15682148933410645,0.2531376710064035
1772034394.0139608,0.21588386595249176,-0.02211815118789673,0.230926513671875,0.316894479136527
1772034394.113542,0.005125999450683594,-0.025295019149780273,-0.0811471939086914,0.08515269193285038
1772034394.213139,-0.03993131220340729,-0.0037801265716552734,0.15631461143493652,0.16137861320273794
1772034394.325552,-0.10813804715871811,-0.016513049602508545,-0.07317256927490234,0.1316082936017576
1772034394.412209,-0.21549083292484283,0.02072364091873169,0.0287310928106308,0.2183832504146418
1772034394.51235,-0.20700570940971375,0.012003540992736816,-0.245320662856102,0.32121282095946985
1772034394.611429,-0.17240506410598755,0.01095050573348999,0.08792269229888916,0.19383967479928874
1772034394.711019,0.2175040990114212,0.00825732946395874,-0.021486744284629822,0.21871876178462502
1772034394.810588,0.05202046036720276,0.007381856441497803,0.11185478419065475,0.12358039022303072
1772034394.910159,0.1734839677810669,-0.0033265352249145508,-0.01788806915283203,0.17443547784691438
1772034395.0102549,0.1099688708782196,-0.2673189640045166,0.18774700164794922,0.3446759604417947
1772034395.109204,-0.10307817906141281,0.008744657039642334,0.00724482536315918,0.10370182023426745
1772034395.208823,-0.018639706075191498,-0.0854957103729248,0.21394318342208862,0.23114636243626685
1772034395.308346,0.045522820204496384,0.046202003955841064,0.18803896009922028,0.1989110425393789
1772034395.407929,0.0388915054500103,-0.021089911460876465,0.26733821630477905,0.2709742708424854
1772034395.507458,0.026870891451835632,0.13558608293533325,-0.007160156965255737,0.13840844822817178
1772034395.607034,0.06535318493843079,0.15379750728607178,0.1376868486404419,0.2165233943885556
1772034395.706643,-0.1130824089050293,0.027525126934051514,0.07070305943489075,0.13617704075927628
1772034395.8061938,-0.18273115158081055,0.0409734845161438,0.05816841870546341,0.19609453109696337
1772034395.905737,-0.17218124866485596,0.05012637376785278,0.029840178787708282,0.18179513747343695
1772034396.0052838,-0.1410863995552063,0.09123444557189941,0.02270394191145897,0.16954222240074032
1772034396.104851,-0.09610119462013245,0.029090404510498047,0.09173083305358887,0.13600087122774754
1772034396.204451,-0.04493877291679382,0.0013045072555541992,0.00932120531797409,0.04591383145661864
1772034396.304029,0.031918227672576904,0.012206077575683594,0.017590641975402832,0.03843425910107887
1772034396.4036279,-0.046051740646362305,-0.15397965908050537,0.04272782802581787,0.16630142968390965
1772034396.504087,0.013399213552474976,-0.020527124404907227,-0.02088797092437744,0.03220573069341859
1772034396.602715,0.004760801792144775,-0.023539841175079346,-0.004889041185379028,0.024509020379533373
1772034396.702282,0.008465737104415894,0.014761507511138916,-0.07454001903533936,0.07645773503388162
1772034396.801849,-0.05468359589576721,-0.03395026922225952,-0.04885944724082947,0.08080941792288117
1772034396.901263,-0.036914050579071045,-0.02523273229598999,-0.05719020962715149,0.07259516503509612
1772034397.000855,0.005716562271118164,-0.041667044162750244,-0.03193378448486328,0.05280708517789867
1772034397.100519,0.06387951970100403,0.07503730058670044,-0.06909681856632233,0.12035597140381968
1772034397.200125,-0.03455626964569092,-0.10112327337265015,0.07867862284183502,0.1327040989634953
1772034397.299613,-0.1461239457130432,0.15868812799453735,0.4003661870956421,0.45478259998230114
1772034397.3992028,-0.024283677339553833,-0.07799798250198364,0.05657781660556793,0.09937017455637574
1772034397.498738,0.06623579561710358,0.05732834339141846,0.07639551162719727,0.11623249878504868
1772034397.5983071,0.04914006590843201,-0.009656369686126709,0.15467232465744019,0.16257773392422706
1772034397.697865,0.007536545395851135,0.030988037586212158,0.09751302003860474,0.10259555091229615
1772034397.797406,0.026206091046333313,0.023803234100341797,0.09440004825592041,0.10082024733298608
1772034397.89695,-0.017360210418701172,0.03939211368560791,-0.03486603870987892,0.055396355310798326
1772034397.996735,-0.025424912571907043,0.013882815837860107,-0.01016378402709961,0.03069953192846076
1772034398.096175,-0.06656473875045776,0.007572650909423828,-0.030616875737905502,0.07365868968874642
1772034398.195653,-0.03078475594520569,0.027551114559173584,-0.05021870136260986,0.0650283252022192
1772034398.295321,0.08049589395523071,-0.035875141620635986,0.049881935119628906,0.1012660959118663
1772034398.394975,0.022377610206604004,0.08203649520874023,-0.16515232622623444,0.18575800074997828
1772034398.494327,-0.3381941616535187,-0.7396393418312073,-0.11875607073307037,0.8219152336445565
1772034398.5939832,0.25476035475730896,0.029225289821624756,0.024404048919677734,0.25758981642313017
1772034398.693615,0.010932743549346924,-0.008183836936950684,0.02081407606601715,0.024894293141367423
1772034398.793209,0.02817600965499878,-0.0030791759490966797,0.09240233898162842,0.0966517516337901
1772034398.892622,0.02398812770843506,-0.0031072497367858887,0.012082472443580627,0.027038332275361048
1772034398.99227,0.027183592319488525,-0.010295748710632324,-0.046967849135398865,0.05523521508340699
1772034399.0917659,-0.022449493408203125,-0.007216691970825195,0.028678908944129944,0.037128698004541244
1772034399.191356,-0.10393628478050232,-0.00687098503112793,0.057457566261291504,0.11895937815045254
1772034399.2909389,0.10572224855422974,-0.01006460189819336,0.03439139574766159,0.11163000560872388
1772034399.3904681,-0.10847368836402893,-0.0032349824905395508,0.08332838118076324,0.1368233360549915
1772034399.490058,0.1600448489189148,-0.01293325424194336,0.0595855712890625,0.17126605920791474
1772034399.589592,-0.12296423316001892,0.0043389201164245605,-0.05629444867372513,0.13530740488194606
1772034399.689148,-0.008437275886535645,-0.01967751979827881,-0.004466064274311066,0.02187094282145715
1772034399.788742,-0.11181718111038208,0.017754733562469482,-0.006995789706707001,0.11343391745402577
1772034399.8882809,0.2167176902294159,-0.016478896141052246,-0.0519721582531929,0.22347084040181972
1772034399.9878712,-0.10751807689666748,0.0070868730545043945,0.0434570387005806,0.11618465837567421
1772034400.0873919,-0.019799456000328064,-0.03576934337615967,0.15440893173217773,0.1597297172793556
1772034400.186966,-0.09340038895606995,-0.1323276162147522,0.29194092750549316,0.3338618514041272
1772034400.286511,-0.1492358148097992,0.12568235397338867,0.09168624132871628,0.21557771074771262
1772034400.38609,-0.0015384256839752197,0.19003713130950928,0.01258682832121849,0.19045972350373874
1772034400.4856439,-0.003608018159866333,-0.04535555839538574,-0.031542062759399414,0.05536285935098604
1772034400.585196,0.07202570140361786,-0.08526259660720825,-0.06249463930726051,0.12791791111893294
1772034400.684788,0.12941990792751312,-0.016269028186798096,-0.02281380072236061,0.13241851588621734
1772034400.784326,0.1076103001832962,-0.7405282258987427,0.03469228744506836,0.7491098616801474
1772034400.883915,-0.18867477774620056,0.031366586685180664,0.10438799858093262,0.21789650930106688
1772034400.983448,-0.01923772692680359,-0.007638275623321533,0.12048530578613281,0.12225032638887318
1772034401.082968,-0.15578341484069824,0.017088711261749268,-0.07147228717803955,0.17224628944182419
1772034401.182976,0.0981193482875824,0.027730345726013184,0.1263561248779297,0.16236455548127207
1772034401.2821221,-0.16960932314395905,-2.3126602172851562e-05,0.12104511260986328,0.20837284448537466
1772034401.381641,0.46835511922836304,0.028223514556884766,-0.5614844560623169,0.7317225422801683
1772034401.481278,-0.8385112881660461,0.027811169624328613,0.48745274543762207,0.9703014070753636
1772034401.5816631,0.07574523985385895,0.03979450464248657,-0.3021562099456787,0.31403713023939794
1772034401.680907,-0.13194125890731812,0.03425776958465576,0.02778470516204834,0.13911894342577963
1772034401.779924,-0.09245118498802185,0.031659483909606934,-0.09821648895740509,0.1385497139305317
1772034401.87955,-0.1983838975429535,-0.9533702731132507,0.31099754571914673,1.0222477791140954
1772034401.979002,-0.30739083886146545,0.10375446081161499,-0.10093460977077484,0.33976743723294467
1772034402.0789099,-0.3292139172554016,0.19449639320373535,0.048474669456481934,0.3854353951868245
1772034402.178482,-0.13948620855808258,0.18614238500595093,0.05872750282287598,0.23990479249365462
1772034402.2784061,0.969979465007782,-0.33886516094207764,-0.2122427225112915,1.0491600131038583
1772034402.378971,-0.7190182209014893,-0.17415761947631836,-0.030459579080343246,0.7404362662429175
1772034402.47718,-0.3977397084236145,0.5089554190635681,0.07170212268829346,0.6499028301593102
1772034402.577343,-0.14328455924987793,0.4755550026893616,0.10856717824935913,0.5083993092986443
1772034402.677078,2.4443819522857666,0.21940475702285767,-1.6253156661987305,2.94360197561689
1772034402.777204,-1.2333905696868896,0.06426793336868286,0.3576258420944214,1.2857989374648648
1772034402.877449,0.0004776269197463989,0.04928088188171387,0.10189390182495117,0.11318657462626337
1772034402.975964,-0.2403458058834076,0.04543215036392212,0.44630593061447144,0.508939260024302
1772034403.075492,0.23353618383407593,0.11730849742889404,0.25922614336013794,0.3681013802340042
1772034403.175442,-0.183849036693573,0.1236531138420105,-0.13185268640518188,0.25782880321686946
1772034403.275206,0.038281142711639404,0.12710773944854736,0.22645576298236847,0.26249578263841755
1772034403.374795,0.2942124307155609,-2.020357131958008,0.28476202487945557,2.0614299177645097
1772034403.474907,-0.3617696762084961,-0.15652239322662354,-0.018010109663009644,0.3945895617669878
1772034403.5743809,-0.23071537911891937,0.3870174288749695,0.22536657750606537,0.5037878230681803
1772034403.673918,-0.06954751908779144,0.2736949920654297,0.3930291533470154,0.4839604544522559
1772034403.77369,0.1103721559047699,0.12484461069107056,0.19854736328125,0.2592088831109159
1772034403.874232,0.22118306159973145,-0.11781930923461914,-0.07523191720247269,0.26165469178501866
1772034403.973857,0.5164191722869873,-0.5148096084594727,-0.05780791863799095,0.7314775799195963
1772034404.073832,0.8865224123001099,0.13871777057647705,-0.03566932678222656,0.8980183228961487
1772034404.173825,0.5491231679916382,-0.08498591184616089,0.24048751592636108,0.6054693255268413
1772034404.273724,-0.10810689628124237,0.03886818885803223,0.5801838636398315,0.5914483517237237
1772034404.3731232,-0.11392483115196228,0.007723212242126465,-0.11683952063322067,0.1633707095600091
1772034404.472948,-0.08175196498632431,0.03572791814804077,-0.16809815168380737,0.1903072686836491
1772034404.572308,0.07517918944358826,0.04101032018661499,0.5724121332168579,0.5787826942308119
1772034404.669014,-0.16591262817382812,0.07210332155227661,-0.14561878144741058,0.23222988325503388
1772034404.772239,-0.5317535400390625,0.06340444087982178,-0.26163870096206665,0.5960174161117068
1772034404.8712358,-0.5434474945068359,-1.2108638286590576,-0.3852750062942505,1.3820141899834688
1772034404.9715571,-0.26640892028808594,-0.20411300659179688,0.1830858737230301,0.3823038966920583
1772034405.071358,-0.3739171028137207,0.3549208641052246,0.1405385136604309,0.5343537156001528
1772034405.1712,-0.10951589047908783,0.3417764902114868,0.2523289918899536,0.43871952278980064
1772034405.2700071,0.12335747480392456,-0.031471073627471924,0.07369828224182129,0.147101773852873
1772034405.37029,0.3826391398906708,-0.24415111541748047,-0.1219562292098999,0.46999553229681856
1772034405.470794,0.25584876537323,-0.3923870325088501,-0.35309314727783203,0.5866011802568013
1772034405.569448,0.7012391090393066,0.02038884162902832,-0.20897425711154938,0.731998793062214
1772034405.669129,0.5542107820510864,0.03824639320373535,-0.13034796714782715,0.5706163072278451
1772034405.762558,-0.09072434902191162,0.12908756732940674,0.3344806432723999,0.36982672735808614
1772034405.862097,0.34991922974586487,0.07886302471160889,-0.5977017879486084,0.6970726442269604
1772034405.961662,-0.6309887170791626,0.018267154693603516,0.004824638366699219,0.6312715161934498
1772034406.061208,0.7630842328071594,0.037430644035339355,0.45569807291030884,0.8895837976975303
1772034406.160752,-0.2677576243877411,0.040837109088897705,0.2518336772918701,0.3698405276803111
1772034406.260293,-0.49234122037887573,0.05946063995361328,-0.016575470566749573,0.49619571865581735
1772034406.3598862,-0.25854024291038513,-0.02509409189224243,0.24385493993759155,0.3562835982528857
1772034406.459435,-0.07128502428531647,-0.4254804253578186,-0.05158928036689758,0.43448429304038455
1772034406.559039,-0.47548961639404297,0.3241357207298279,0.17680776119232178,0.6020094062134247
1772034406.6586099,-0.06339392066001892,0.5492522716522217,0.31848305463790894,0.6380660649049344
1772034406.758121,0.14255136251449585,0.16976302862167358,0.09023654460906982,0.239338694791559
1772034406.857661,0.5062415599822998,-0.4419230818748474,-0.18336719274520874,0.6965630299709669
1772034406.957298,0.8700376749038696,-0.16844654083251953,-0.008210718631744385,0.8862320287436146
1772034407.056859,0.4838637411594391,0.007207155227661133,0.40400391817092896,0.630392916356733
1772034407.156413,-0.23948556184768677,0.14787763357162476,0.034945614635944366,0.2836235618324575
1772034407.2559772,0.10230675339698792,0.03944993019104004,0.37775737047195435,0.3933492083741817
1772034407.355494,0.12284431606531143,0.09542226791381836,-0.15704232454299927,0.2210394238619875
1772034407.455128,-0.1987512707710266,0.029259085655212402,-0.17928670346736908,0.26926173840089745
1772034407.5547051,-0.5233376622200012,0.06728214025497437,0.15983332693576813,0.5513219454135144
1772034407.654151,0.21954374015331268,0.0429118275642395,0.032228127121925354,0.22600781173046935
1772034407.753762,-0.880074143409729,-0.6683865189552307,-0.4229373335838318,1.183278084288922
1772034407.853816,-0.20839780569076538,0.0687456727027893,0.23607391119003296,0.3223142945583466
1772034407.952908,0.2906222939491272,0.5519115924835205,0.5963678359985352,0.8629729540788195
1772034408.0524201,-0.13755899667739868,0.2765718102455139,0.5298939943313599,0.6133531519588176
1772034408.1520162,-0.04552936553955078,-0.24685269594192505,0.6763883829116821,0.7214640816825956
1772034408.251569,-0.20151957869529724,-0.218500554561615,0.6982929706573486,0.7589240448231483
1772034408.3511071,-0.2137000858783722,-0.16061758995056152,0.5927812457084656,0.6502732826816973
1772034408.450745,-0.005810646340250969,0.09364056587219238,0.4785831570625305,0.4876926874699831
1772034408.5504,-0.013551577925682068,0.0420340895652771,0.3306070566177368,0.33354390390966676
1772034408.6498551,0.19329693913459778,-0.22568261623382568,0.3162462115287781,0.43394471566693066
1772034408.749435,0.29856911301612854,-0.13880211114883423,0.11172342300415039,0.34769478649294616
1772034408.848958,0.3845565915107727,-0.12739890813827515,-0.08949607610702515,0.41487805618972234
1772034408.9485211,0.22477573156356812,-0.11833930015563965,-0.033762454986572266,0.2562581175845638
1772034409.048109,0.19030919671058655,-0.21286022663116455,0.005895731970667839,0.28559031161713
1772034409.147666,-0.04975447058677673,-0.2100071907043457,-0.08962935209274292,0.23369199440174826
1772034409.247263,-0.172753244638443,0.08920681476593018,-0.0633770227432251,0.2044949543279442
1772034409.346919,0.6834157705307007,-0.22997498512268066,-0.14990103244781494,0.7364889196187336
1772034409.44634,-0.3684333562850952,0.07322031259536743,0.6913239359855652,0.7867865890231207
1772034409.545919,-0.19989781081676483,0.051534056663513184,-0.17684167623519897,0.2718232370847059
1772034409.64551,0.6857519745826721,0.022554874420166016,0.6570574045181274,0.9499941714748787
1772034409.745194,-0.2844274938106537,0.027102231979370117,-0.28245317935943604,0.40176277670277866
1772034409.844569,-0.7519487142562866,0.052917659282684326,0.06444753706455231,0.7565584131905003
1772034409.944161,0.038154199719429016,0.11849582195281982,-0.16907185316085815,0.209957839357694
1772034410.043734,-0.18025583028793335,-0.3330032229423523,-0.0011895298957824707,0.3786617564848069
1772034410.143357,-0.3737012445926666,0.04512059688568115,-0.2720562815666199,0.464438487652869
1772034410.24292,-0.34414979815483093,0.49891549348831177,0.21024024486541748,0.6415268613033808
1772034410.342435,-0.08864715695381165,0.385994553565979,0.22498846054077148,0.45548866198303933
1772034410.441994,0.2168903648853302,0.07182818651199341,-0.052155494689941406,0.23435211623547564
1772034410.541718,0.43201789259910583,-0.3971133232116699,-0.20467925071716309,0.6214757007897639
1772034410.641146,0.13901561498641968,-3.6296987533569336,-0.03849375993013382,3.6325638536554985
1772034410.740646,0.17077389359474182,0.2136784791946411,0.6137773990631104,0.6719709151482075
1772034410.84039,-0.6896558403968811,0.1801033616065979,0.1407831907272339,0.726555094846128
1772034410.939999,-0.4216839075088501,-0.031142234802246094,-0.8026033639907837,0.9071710514173902
1772034411.039383,-0.34656307101249695,0.06405395269393921,-0.5726920366287231,0.6724470535761795
1772034411.1389642,0.03625814616680145,0.10071450471878052,0.5161148905754089,0.5270983256451008
1772034411.2384892,-0.15968313813209534,0.09827011823654175,0.08774939179420471,0.20701612618873577
1772034411.338237,-0.45440390706062317,0.15629315376281738,-0.02037644386291504,0.48096326276503243
1772034411.437666,0.2944630980491638,-1.818062424659729,0.17568868398666382,1.850115134188489
1772034411.537147,-0.4068809747695923,-0.19213831424713135,0.17851337790489197,0.48408293248388523
1772034411.636705,-0.16146376729011536,0.5184756517410278,0.18046152591705322,0.5722358883643277
1772034411.736188,0.07601679861545563,0.42384618520736694,0.0003892183303833008,0.4306092124856237
1772034411.8358989,0.6197159290313721,-0.31399762630462646,0.17428863048553467,0.7162533551311852
1772034411.9354758,0.4652300775051117,3.002558708190918,-2.2326557636260986,3.7704839981097074
1772034412.0350962,-0.24766400456428528,-0.0076351165771484375,1.0917649269104004,1.119529548423639
1772034412.134649,-0.45221829414367676,0.07449233531951904,-0.26535797119140625,0.5295897907384467
1772034412.234089,0.012971146032214165,0.034528136253356934,0.3657678961753845,0.3676229001233278
1772034412.333678,0.1937156319618225,0.059780776500701904,0.19954133033752441,0.28445778213693534
1772034412.43331,-0.6162945032119751,0.09543955326080322,-0.3624073266983032,0.7212951500325838
1772034412.532831,0.1663992702960968,0.09391897916793823,-0.04026186466217041,0.19527034989751008
1772034412.632409,-0.07073643803596497,-0.3747626543045044,0.38963451981544495,0.5452208266007322
1772034412.731896,-0.5545724630355835,-0.5283902883529663,-0.21964481472969055,0.7968630736963062
1772034412.831455,-0.4172094166278839,0.5536890029907227,0.00011069327592849731,0.6932786031667507
1772034412.930983,0.13925307989120483,0.4545918107032776,0.07598745077848434,0.4814760921307344
1772034413.030651,0.5438525080680847,-0.0339198112487793,-0.1387770175933838,0.5623034454271228
1772034413.1301951,4.857102394104004,-0.4620325565338135,-3.321943998336792,5.902561281189197
1772034413.229831,-0.5501318573951721,0.2875652313232422,-0.18849922716617584,0.6487455444388789
1772034413.329252,-0.41935673356056213,0.11696261167526245,-0.42079854011535645,0.6054847098611968
1772034413.428862,-0.35494115948677063,0.035204410552978516,0.8173105716705322,0.8917506085137301
1772034413.528419,0.07327796518802643,0.15563011169433594,-0.10350848734378815,0.20075955469239376
1772034413.627962,-0.3695920407772064,0.07497060298919678,-0.0687030553817749,0.3833262027793237
1772034413.7275739,-0.2847830355167389,0.19907814264297485,-0.10507315397262573,0.3630066829716223
1772034413.8271852,0.23788484930992126,-1.7438747882843018,0.5048412084579468,1.8309978493985464
1772034413.926691,-0.4084679186344147,-0.31745749711990356,-0.06398621201515198,0.521267242745228
1772034414.026262,-0.2535995841026306,0.47893089056015015,0.001994192600250244,0.5419331359069056
1772034414.125811,0.02712245285511017,0.28710561990737915,0.08440554141998291,0.300482212208441
1772034414.225385,0.31445634365081787,0.11720752716064453,-0.18968749046325684,0.38548896290763324
1772034414.324889,0.40528377890586853,-0.41976630687713623,-0.13923408091068268,0.5998706719956675
1772034414.424471,0.2673543393611908,1.8546847105026245,-2.9263930320739746,3.4749258835719896
1772034414.524529,-0.1034235805273056,0.04238241910934448,0.5453473329544067,0.5566834109429998
1772034414.6236072,-0.4432139992713928,0.05363720655441284,-0.16985732316970825,0.477668409371482
1772034414.723202,0.49783602356910706,0.04921114444732666,0.5315682888031006,0.7299501960832484
1772034414.822732,0.058643992990255356,0.040512263774871826,-0.342403769493103,0.3497437673398798
1772034414.923198,0.011866794899106026,0.012458443641662598,-0.12401914596557617,0.12520695749510416
1772034415.021862,-0.20087793469429016,-0.015537858009338379,-0.10203231871128082,0.22584057151044018
1772034415.1214418,-0.3090328574180603,0.010158717632293701,0.46534883975982666,0.5587074808642898
1772034415.221017,-0.07301020622253418,-0.04285991191864014,-0.42203378677368164,0.4304416097926221
1772034415.320558,0.33849063515663147,0.24376660585403442,-0.354381799697876,0.5473431539495506
1772034415.420135,0.28339332342147827,-0.34939104318618774,0.18823879957199097,0.4876676352628984
1772034415.5196939,0.040786340832710266,0.1430124044418335,0.007200002670288086,0.14888892994849792
1772034415.619194,0.0003407970070838928,0.06580370664596558,0.006982453167438507,0.06617400247214765
1772034415.718811,0.0245559960603714,0.01943027973175049,0.004059508442878723,0.031575501924258516
1772034415.818376,0.010578345507383347,0.07276427745819092,-0.5551027059555054,0.5599513868424744
1772034415.917907,-0.138936847448349,-0.0048223137855529785,-0.009004108607769012,0.13931179512500955
1772034416.0175328,-0.04909999668598175,-0.014008164405822754,-0.04961836338043213,0.07119705281215358
1772034416.117074,0.0597819909453392,-0.01450812816619873,0.02845330536365509,0.06777877846636712
1772034416.216593,-0.030459918081760406,-0.0011311769485473633,-0.0016551464796066284,0.03052581990226362
1772034416.316253,-0.013736419379711151,-0.0004042387008666992,-0.014654040336608887,0.020089637241362594
1772034416.415776,-0.009837068617343903,-0.006074130535125732,0.010505139827728271,0.015621169723813957
1772034416.5153298,-0.02742694690823555,-0.0006973147392272949,0.020269274711608887,0.0341111002737728
1772034416.614857,-0.0662517249584198,-0.008213698863983154,-0.003867730498313904,0.06687088490667586
1772034416.714438,-0.0015648109838366508,0.007915496826171875,0.0036083608865737915,0.008838777727040571
1772034416.813964,-0.013243833556771278,-0.009481191635131836,0.013326957821846008,0.021045187737029514
1772034416.913662,0.07524318248033524,-0.004263639450073242,-0.011524781584739685,0.07623998768169629
1772034417.0130591,-0.029538312926888466,-0.008845329284667969,0.01445770263671875,0.03405549803266391
1772034417.112658,-0.05387238413095474,-0.009729743003845215,-0.05118416249752045,0.07494478074853911
1772034417.2122378,0.007802349049597979,-0.031910598278045654,-0.009792625904083252,0.03427912564888281
1772034417.311811,-0.004385329782962799,-0.04327160120010376,0.1262073516845703,0.13349141622950508
1772034417.411396,0.0525839626789093,0.2215633988380432,0.1336888074874878,0.26406080754839273
1772034417.510972,0.15822967886924744,0.007856309413909912,0.2945815920829773,0.3344796963446569
1772034417.6105452,0.05122051015496254,-0.009027838706970215,-0.025429382920265198,0.05789383428275558
1772034417.710077,-0.25792405009269714,-0.014263808727264404,0.47818946838378906,0.5435010943216204
1772034417.809623,0.10242225974798203,0.036943018436431885,0.06978331506252289,0.12932446390452573
1772034417.9092069,0.3428259789943695,-0.014113664627075195,-0.2004794478416443,0.3973925721620172
1772034418.008765,-0.6212010979652405,0.00469660758972168,-0.11704343557357788,0.6321487388636778
1772034418.108317,-0.008409813046455383,0.002268671989440918,0.09715812653303146,0.09754780048509837
1772034418.207845,-0.27474987506866455,-0.5430476069450378,0.3049201965332031,0.6807088390147629
1772034418.307456,-0.34929192066192627,0.10519254207611084,0.5902417898178101,0.6938700794784739
1772034418.407045,-0.2773529589176178,0.2869502305984497,0.17652451992034912,0.4363782817624761
1772034418.5066261,0.17389202117919922,-0.11733269691467285,0.44434380531311035,0.49137237825827457
1772034418.606193,0.5098726749420166,-0.22325628995895386,0.536189079284668,0.7728597831449788
1772034418.7059069,0.5029856562614441,0.10006600618362427,-0.020428955554962158,0.5132495671925729
1772034418.805256,0.06727048754692078,0.22084051370620728,0.09617209434509277,0.2500898293004803
1772034418.9048219,-0.26731911301612854,-0.22052425146102905,0.1457027792930603,0.3759251967611364
1772034419.004364,-0.06440144777297974,-0.059403836727142334,0.18500292301177979,0.2047008642289117
1772034419.104135,-0.011210262775421143,0.37234336137771606,0.08874225616455078,0.3829365962959472
1772034419.2034469,0.1300940215587616,-0.010672152042388916,0.25734877586364746,0.28855977147389283
1772034419.3030071,0.23040726780891418,-0.23782199621200562,-0.10626232624053955,0.3477621211683106
1772034419.402591,0.2177892029285431,-0.026205480098724365,-0.04986952990293503,0.22495740510637674
1772034419.502164,-0.005910307168960571,0.005388855934143066,-0.05350637435913086,0.05410086502238085
1772034419.601685,0.2869994044303894,-0.006347239017486572,-1.247387409210205,1.2799938649238483
1772034419.701281,-0.3263726234436035,0.05855071544647217,0.27617692947387695,0.43153328027670446
1772034419.800803,-0.23649674654006958,-0.05046844482421875,0.012269856408238411,0.24213286522752733
1772034419.900382,-0.05109782516956329,-0.017571747303009033,-0.6104670763015747,0.6128538204894645
1772034420.005293,-0.10929928719997406,0.009816169738769531,0.15621161460876465,0.1909051070805597
1772034420.09956,0.6041712760925293,0.018049657344818115,-0.354908287525177,0.70093410071104
1772034420.199091,0.34137415885925293,0.02047973871231079,0.10527080297470093,0.35782352912228294
1772034420.298626,-0.23257458209991455,0.019106388092041016,0.28548312187194824,0.3687229355201914
1772034420.398347,0.047740861773490906,-0.020457744598388672,-0.23107671737670898,0.2368420539315683
1772034420.4977732,0.012907728552818298,0.03159797191619873,0.14284366369247437,0.14686508619375419
1772034420.597317,-0.01021835207939148,-0.019477128982543945,-0.025477580726146698,0.033658288611846846
1772034420.696852,0.004794016480445862,-0.015855491161346436,-0.05674653500318527,0.05911470569029379
1772034420.7964392,0.015560299158096313,-0.010130465030670166,0.04651058465242386,0.05007977352522044
1772034420.895998,0.0011141225695610046,-0.01633906364440918,0.0774039626121521,0.07911750563522273
1772034420.9955611,0.06370566040277481,-0.00933837890625,-0.1408894658088684,0.15490467411882272
1772034421.0951262,0.10134950280189514,-0.011896491050720215,0.07377469539642334,0.12592042685103266
1772034421.19525,-0.048904307186603546,-0.0070095062255859375,0.04478825628757477,0.06668397363842149
1772034421.294262,-0.029834069311618805,-0.006773769855499268,-0.09049785137176514,0.09552914085582388
1772034421.393766,-0.001661989837884903,-0.004640698432922363,0.08626855164766312,0.08640926625977147
1772034421.493413,0.03197559341788292,-0.007360398769378662,0.0685197114944458,0.07597081615825985
1772034421.593021,-0.02496330812573433,-0.0044678449630737305,-0.034623920917510986,0.04291787845288338
1772034421.692529,0.04163776710629463,-0.0051430463790893555,0.013097286224365234,0.043951035051502975
1772034421.7920852,0.029411308467388153,-0.007995665073394775,0.02550482749938965,0.039742319402664275
1772034421.891694,0.04264320433139801,-0.0059146881103515625,0.011235371232032776,0.04449337004334113
1772034421.991216,0.02801387943327427,-0.004561185836791992,-0.016840294003486633,0.03300268715216455
1772034422.090835,0.028374413028359413,-0.004778146743774414,-0.02776990830898285,0.03998882104411543
1772034422.1903849,0.019797561690211296,-0.002826988697052002,-0.006495177745819092,0.021026712722647955
1772034422.2899442,0.001527387648820877,-0.006036877632141113,-0.0020008236169815063,0.00654064979352107
1772034422.389497,-0.027782972902059555,-0.01065915822982788,0.02393360435962677,0.038188069538642934
1772034422.489217,0.09108351916074753,-0.006033539772033691,0.06030476093292236,0.10940418299162008
1772034422.588604,0.03833426535129547,-0.008521080017089844,-0.05230993032455444,0.06540988851267766
1772034422.688149,-0.06598910689353943,-0.004863739013671875,-0.05662493407726288,0.08708961674651264
1772034422.787897,0.012191833928227425,-0.01126396656036377,0.017717555165290833,0.024278169581778492
1772034422.887315,0.1076320931315422,-0.014291226863861084,0.04559643566608429,0.11776222476924714
1772034422.986886,-0.021094918251037598,-0.014092087745666504,0.08773501217365265,0.09132915675818157
1772034423.0864491,-0.11020305752754211,-0.0011845231056213379,0.040255844593048096,0.11733136838589307
1772034423.1861649,0.05104438215494156,-0.011263430118560791,0.048516467213630676,0.07131788975079618
1772034423.285513,0.09255937486886978,-0.043196141719818115,0.013599976897239685,0.10304418424734132
1772034423.3851051,-0.11531250178813934,-0.06237077713012695,0.029602408409118652,0.13440010971749936
1772034423.484775,-0.08216842263936996,0.17997825145721436,0.07775557786226273,0.21257881024536007
1772034423.584414,0.07686439156532288,0.026549696922302246,-0.04544853791594505,0.09315895392322994
1772034423.683764,0.19087718427181244,-0.04501473903656006,-0.044046640396118164,0.20099883764900234
1772034423.783268,0.21044261753559113,-0.397739052772522,0.5867447257041931,0.7394266850184019
1772034423.88292,-0.0008725672960281372,0.055628418922424316,0.005193233489990234,0.05587711552663031
1772034423.9825,0.010987013578414917,0.014085173606872559,0.0054435720667243,0.018674556480774426
1772034424.0821462,0.09797438979148865,-0.003550291061401367,0.010922970250248909,0.0986453085591152
1772034424.181618,0.06036031246185303,-0.01468724012374878,0.01228475570678711,0.06332454157528994
1772034424.281149,0.06568937003612518,-0.13204151391983032,0.03275185823440552,0.15107196613465493
1772034424.3808908,0.08822987973690033,0.065346360206604,0.015135768800973892,0.11083208004831303
1772034424.4802651,-1.2421551942825317,-0.6728602647781372,-0.2146710753440857,1.428906621578109
1772034424.579852,-0.004376247525215149,0.0035405755043029785,0.05391061678528786,0.0542037066949649
1772034424.679373,-0.041449159383773804,-0.0073320865631103516,0.016377747058868408,0.04516661273235685
1772034424.778973,0.10373812913894653,0.01486116647720337,-0.004550691694021225,0.10489596036647901
1772034424.878602,0.035144172608852386,-0.005784094333648682,0.03110826015472412,0.04728945406192964
1772034424.978187,0.08076300472021103,-0.01154792308807373,-0.10156488418579102,0.13027449158894475
1772034425.077667,-0.0892850011587143,-0.004209339618682861,0.11843746900558472,0.14838114447727468
1772034425.177428,0.10811583697795868,-0.010455191135406494,-0.037962377071380615,0.11506297102035958
1772034425.2767959,-0.010835230350494385,-0.00673222541809082,0.03135561943054199,0.03385114393489894
1772034425.3762841,-0.007772274315357208,-0.0105818510055542,-0.02923470363020897,0.03204764757486988
1772034425.47593,-0.03936855494976044,-0.006826817989349365,0.04740530624985695,0.06199799693001974
1772034425.575436,0.01728968322277069,-0.004971146583557129,-0.014025207608938217,0.022811222956535857
1772034425.6750169,-0.020299352705478668,-0.0072893500328063965,0.04008966684341431,0.04552339762998969
1772034425.77458,-0.0051626041531562805,-0.006816744804382324,-0.05127310752868652,0.05198126630833949
1772034425.874144,0.013184748589992523,-0.00586467981338501,-0.0007350407540798187,0.014448956696073031
1772034425.973707,0.01876993477344513,-0.008363306522369385,-0.0035377107560634613,0.02085115691706477
1772034426.073297,-0.016272619366645813,-0.0063173770904541016,0.002241130918264389,0.017599149472276532
1772034426.1728458,0.014345265924930573,-0.006898939609527588,0.018058236688375473,0.024072431004912503
1772034426.272402,0.029606923460960388,-0.005852639675140381,0.013859089463949203,0.03320990317299859
1772034426.371944,-0.014854013919830322,-0.0062593817710876465,0.019018225371837616,0.0249301922571958
1772034426.471425,0.02559170126914978,-0.006218433380126953,-0.0783693790435791,0.08267625813514212
1772034426.571095,0.06035090237855911,-0.00916588306427002,0.07716089487075806,0.09838723762516366
1772034426.6706362,0.005369536578655243,-0.005980789661407471,-0.0023440085351467133,0.008372344000120623
1772034426.770144,-0.015586666762828827,-0.009351551532745361,-0.00654422864317894,0.019318970608685874
1772034426.869725,0.011947400867938995,-0.002627074718475342,0.016515672206878662,0.020552599288672615
1772034426.969328,-0.021258186548948288,-0.0025274157524108887,-0.009966731071472168,0.023614276486618627
1772034427.0688481,0.09541451930999756,-0.0033606886863708496,-0.05006479471921921,0.10780402772569381
1772034427.168522,0.1363600194454193,-0.0032833218574523926,0.07661694288253784,0.15644484984249504
1772034427.267961,0.07731808722019196,-0.0039351582527160645,-0.025635413825511932,0.08155210925456421
1772034427.367513,0.005632523447275162,-0.010057508945465088,0.18321962654590607,0.18358189006052178
1772034427.467125,-0.38204437494277954,-0.02289116382598877,0.04306340217590332,0.38514460454963007
1772034427.566681,-0.016561560332775116,0.010940909385681152,-0.03702878952026367,0.04201333160055062
1772034427.666223,0.10087999701499939,0.005154132843017578,-0.04218107461929321,0.10946498042364115
1772034427.7657971,0.1367860734462738,-0.049425721168518066,0.034987568855285645,0.1495909816007665
1772034427.865696,-0.3640814423561096,-0.10042113065719604,0.201882004737854,0.4282476432947994
1772034427.964902,-0.3495243489742279,0.34827524423599243,0.10559237003326416,0.5045915822551341
1772034428.0644999,-0.11737045645713806,0.12167280912399292,-0.0136185884475708,0.16960413462054771
1772034428.164015,0.23769542574882507,-0.11673533916473389,-0.020900368690490723,0.26563712135772577
1772034428.2635689,0.29268452525138855,-0.1323879361152649,-0.034376028925180435,0.3230673433127449
1772034428.363199,0.3066527545452118,-0.11384928226470947,-0.028409598395228386,0.3283362243544467
1772034428.462764,0.13404729962348938,0.035144925117492676,-0.20354366302490234,0.24623945064806066
1772034428.562282,-0.10874104499816895,0.06270498037338257,-0.031422317028045654,0.12939818947083884
1772034428.661868,0.03681512176990509,-0.006403505802154541,0.00801008939743042,0.038216745147199464
1772034428.761373,0.014356434345245361,0.04236733913421631,0.10719550400972366,0.11615495991270333
1772034428.860934,0.17074595391750336,0.013652384281158447,0.17026972770690918,0.2415209070642614
1772034428.960556,0.576749324798584,0.01921546459197998,-0.13884669542312622,0.5935380548583473
1772034429.0601,-0.6044713258743286,-0.007094144821166992,-0.03852832317352295,0.6057395004303219
1772034429.1596599,-0.014438726007938385,-0.015397071838378906,0.04740297794342041,0.05189016234155487
1772034429.2591991,-0.21456283330917358,-0.012404263019561768,0.2199755758047104,0.3075391505635219
1772034429.358794,-0.13385634124279022,0.0004209280014038086,-0.036799609661102295,0.13882329971045262
1772034429.4583101,-0.3400859832763672,-0.20340538024902344,0.0889897346496582,0.4061420904170361
1772034429.5579019,-0.3232508599758148,0.2499382495880127,0.12278884649276733,0.42665835032874716
1772034429.657429,-0.039722293615341187,0.1634698510169983,0.022935152053833008,0.16978302035632253
1772034429.757001,0.1333816945552826,-0.12430328130722046,-0.0970923975110054,0.20656455610926033
1772034429.856616,0.14258140325546265,-0.38141930103302,-0.2322218418121338,0.46876126500536935
1772034429.95612,0.36962273716926575,-0.11089938879013062,-0.12270581722259521,0.40493994597568367
1772034430.055704,0.29778361320495605,-0.08922260999679565,-0.1239466667175293,0.3346618152978099
1772034430.1552958,0.32329538464546204,-0.06043505668640137,0.19279372692108154,0.3812370954535594
1772034430.254811,-0.246403306722641,-0.005601286888122559,-0.03382217884063721,0.24877681515805086
1772034430.354341,0.02894851565361023,-0.00759512186050415,0.027030467987060547,0.04032801302100972
1772034430.453918,0.016048654913902283,0.017214298248291016,0.07457679510116577,0.07820223626142604
1772034430.5535588,-0.15998351573944092,0.034695446491241455,0.07950472831726074,0.18198764007585785
1772034430.6530619,-0.008767679333686829,0.023149847984313965,-0.10851174592971802,0.11129953579108441
1772034430.752636,0.05089353770017624,0.010440349578857422,0.07619393616914749,0.09222076223885883
1772034430.8525681,0.3195153772830963,0.014539897441864014,0.338533878326416,0.4657324035459675
1772034430.951719,-0.18015290796756744,-0.0032282471656799316,-0.4035953879356384,0.44198951230979683
1772034431.051355,0.17202143371105194,0.00919198989868164,0.4726453423500061,0.5030601216350366
1772034431.150975,-0.09988802671432495,-0.010297715663909912,0.13254249095916748,0.16628641778100045
1772034431.250692,-0.2265070527791977,0.0023024678230285645,0.04635363817214966,0.23121290208072062
1772034431.350055,-0.49240535497665405,-0.31428706645965576,-0.2144983559846878,0.6222932897546257
1772034431.4495869,-0.3171248733997345,-0.008797407150268555,0.2588074803352356,0.4094226319817196
1772034431.5490952,-0.15154553949832916,0.34621626138687134,0.11385393142700195,0.39470807933449564
1772034431.648699,-0.0012904107570648193,0.05353349447250366,-0.11255979537963867,0.12464833623544944
1772034431.748266,0.2550780773162842,-0.22103267908096313,-0.1315397173166275,0.3622471090027063
1772034431.847797,0.4886243939399719,-0.2778722047805786,-0.07108141481876373,0.5665856758474059
1772034431.94734,0.5002965927124023,0.376567006111145,-1.4566603899002075,1.5855468716740528
1772034432.046973,-0.6049702167510986,-0.023241877555847168,0.09759914875030518,0.6132330241147949
1772034432.1464791,0.12999093532562256,-0.0483168363571167,-0.3110795021057129,0.34059156855789724
1772034432.2460608,0.17526890337467194,0.015548765659332275,-0.04939115047454834,0.1827578680902368
1772034432.345614,0.11614084243774414,0.006542086601257324,0.24509835243225098,0.2713018550328235
1772034432.4451609,-0.04137597978115082,0.03644156455993652,-0.29982560873031616,0.30485300553042094
1772034432.5447001,-0.1648297756910324,0.009197652339935303,0.4558396339416504,0.484812565467295
1772034432.644283,0.2443697154521942,0.030008792877197266,-0.21351510286331177,0.32589228992239677
1772034432.74383,-0.0736958459019661,0.01790541410446167,0.11062020063400269,0.1341212524015698
1772034432.84343,-0.16652265191078186,-0.0017933249473571777,0.35518747568130493,0.3922896283291515
1772034432.9430041,0.05058355629444122,0.003118157386779785,-0.07987099885940552,0.09459278794750048
1772034433.042557,-0.3146634101867676,-0.3355725407600403,0.21257056295871735,0.5067625045907608
1772034433.142076,-0.29503968358039856,0.2957264184951782,0.07818520069122314,0.4249887705461567
1772034433.241685,0.013270661234855652,0.10316026210784912,0.0712742805480957,0.12608795816975976
1772034433.341212,0.2060670554637909,-0.15045028924942017,-0.11621557921171188,0.2803657998655773
1772034433.440804,0.25433966517448425,-0.22457551956176758,-0.0361713171005249,0.34122015393041094
1772034433.540344,0.32333552837371826,-0.014545679092407227,-0.2569226026535034,0.41323923391084355
1772034433.639921,0.6141949892044067,-0.10335594415664673,0.28019440174102783,0.6829544924248802
1772034433.739502,-0.2681027054786682,-0.019350409507751465,0.13718414306640625,0.3017830149991272
1772034433.8390179,0.1498580127954483,0.05021977424621582,-0.08542430400848389,0.1796573445191582
1772034433.938645,-0.5260215997695923,-0.03793001174926758,-0.05047464370727539,0.5297972242970296
1772034434.038156,0.049680620431900024,0.01044851541519165,0.042381346225738525,0.06613254893610211
1772034434.137752,0.30858609080314636,0.023109495639801025,0.0024232305586338043,0.30945968440530985
1772034434.2372952,-0.33506453037261963,0.019984781742095947,-0.1145704984664917,0.3546745411415425
1772034434.33687,-0.05983705446124077,0.0034657716751098633,0.462588369846344,0.4664552331971413
1772034434.436559,-0.17940044403076172,-0.005076050758361816,0.026259779930114746,0.1813831901023741
1772034434.536613,-0.027654193341732025,0.009333014488220215,-0.14148849248886108,0.14446748103151008
1772034434.6359658,-0.20960009098052979,-0.2086912989616394,0.11772596836090088,0.3183451900498177
1772034434.73509,-0.45059946179389954,0.28750473260879517,0.0990309789776802,0.5436046183014678
1772034434.8346539,-0.0920577198266983,0.28289806842803955,0.1158897876739502,0.31927477787498326
1772034434.934238,0.17396998405456543,-0.07195430994033813,-0.10858916491270065,0.2173351899885835
1772034435.033747,0.36937829852104187,-0.14688539505004883,-0.1607656478881836,0.42879043860400645
1772034435.13335,0.44720253348350525,-0.3356158137321472,-0.01884901523590088,0.5594491627990162
1772034435.232905,0.10674864053726196,0.19577813148498535,0.46380603313446045,0.5146264522896487
1772034435.332475,0.15038956701755524,-0.017445623874664307,0.37715840339660645,0.4064109163307272
1772034435.432002,-0.2957581877708435,0.040111422538757324,-0.42541372776031494,0.5196716959951769
1772034435.5317001,-0.03552806377410889,0.018056213855743408,0.07498562335968018,0.0849182776849678
1772034435.6311588,-0.4678536057472229,0.012623250484466553,-0.10434728860855103,0.47951506702441343
1772034435.730721,0.34089192748069763,0.03635358810424805,-0.1708797812461853,0.3830519406403036
1772034435.830288,-0.5971324443817139,0.004609107971191406,-0.04433809965848923,0.5987940105669869
1772034435.929802,-0.022886723279953003,0.01576441526412964,0.1730242669582367,0.17524187812149306
1772034436.029403,0.06473228335380554,-0.6920493841171265,0.3456416130065918,0.776267185450274
1772034436.129209,-0.2835789918899536,0.13183289766311646,0.34872329235076904,0.46840675931879555
1772034436.228497,-0.2413831651210785,0.3870088458061218,0.08708763122558594,0.4643553969197947
1772034436.3280768,-0.014913424849510193,-0.03548067808151245,-0.09439002722501755,0.10193510679547778
1772034436.427618,0.25168150663375854,-0.25775766372680664,-0.056578993797302246,0.3646694071764937
1772034436.527319,0.4242771565914154,-0.08404910564422607,-0.08212733268737793,0.4402502203738619
1772034436.626785,0.40792179107666016,-0.32167476415634155,-0.22355937957763672,0.5655560429589328
1772034436.726355,0.07540842890739441,0.14816069602966309,0.03904377669095993,0.1707701364307276
1772034436.82586,-0.13427037000656128,0.09159767627716064,0.3315732479095459,0.3692688523154364
1772034436.925441,-0.09472310543060303,0.008047938346862793,-0.33764922618865967,0.3507766183197687
1772034437.025013,0.30053985118865967,0.019662797451019287,0.20105230808258057,0.36212271171722216
1772034437.124556,-0.19074970483779907,0.024603664875030518,-0.11190438270568848,0.2225160243437121
1772034437.2240791,0.12970024347305298,-0.01983851194381714,-0.545545220375061,0.5611018688145568
1772034437.323731,-0.16705642640590668,0.006082057952880859,0.24708038568496704,0.29831788082963845
1772034437.423322,-1.0792813301086426,-0.031469762325286865,-0.29622822999954224,1.11963820036231
1772034437.5229158,-0.126348614692688,0.03958261013031006,0.12180519104003906,0.17990903263535676
1772034437.62233,0.53783118724823,-0.12529706954956055,0.08579963445663452,0.5588589436409157
1772034437.7219229,-0.2537797689437866,-0.054972827434539795,0.14155453443527222,0.2957429104822229
1772034437.821463,-0.3370792865753174,0.17266559600830078,0.04367053508758545,0.3812387298240601
1772034437.921063,-0.10439535975456238,0.15210145711898804,0.2239522933959961,0.2901514675360615
1772034438.020962,0.08306752145290375,-0.13860726356506348,0.43412184715270996,0.463221291402505
1772034438.1201692,0.12692904472351074,-0.08062577247619629,0.564825713634491,0.5844994305938359
1772034438.219744,0.1466936320066452,-0.12064224481582642,0.5498250722885132,0.5817054091398597
1772034438.319329,0.32908719778060913,-0.21238213777542114,0.4579658508300781,0.6026087260533729
1772034438.418874,0.40936434268951416,-0.031817734241485596,0.03045015037059784,0.4117265414513276
1772034438.518326,0.2437824010848999,0.0685654878616333,-0.04027175158262253,0.2564232812752291
1772034438.6179671,0.21494923532009125,-0.0007878541946411133,-0.13195586204528809,0.2522224098034096
1772034438.717525,0.3297446668148041,-0.05452930927276611,-0.14100050926208496,0.3627480316621145
1772034438.817079,-0.4868941903114319,-0.0002689957618713379,0.12515640258789062,0.5027227367311796
1772034438.9166741,-0.13050395250320435,-0.02491474151611328,-0.062473662197589874,0.14681615862074557
1772034439.016231,-0.06553509831428528,0.02397918701171875,-0.13004565238952637,0.14758632127071786
1772034439.115835,-0.07901738584041595,-0.04027402400970459,0.2823740243911743,0.29597438052279956
1772034439.215354,-0.059189535677433014,0.12303775548934937,0.15820714831352234,0.2089765350154507
1772034439.314945,0.16999870538711548,0.36782485246658325,0.1254221796989441,0.42417614865264786
1772034439.414503,1.024428367614746,-0.03875577449798584,0.17722874879837036,1.0403679732822364
1772034439.5140119,-0.4068751931190491,0.006347239017486572,0.06907404214143753,0.4127456038730948
1772034439.613517,0.06216183304786682,0.08775550127029419,0.06588590145111084,0.12611928282818993
1772034439.713152,-0.2772379517555237,0.12266427278518677,0.055846214294433594,0.30826320792877077
1772034439.8127031,-0.14057505130767822,0.17166399955749512,0.03907860070466995,0.22529316640161787
1772034439.9122581,-0.028332829475402832,-0.22293788194656372,-0.08576799929141998,0.24054146863972384
1772034440.0118132,0.010295838117599487,-0.011587262153625488,-0.12270937860012054,0.12368452014374466
1772034440.1113892,0.12438786029815674,0.012804746627807617,0.04084242880344391,0.13154620981358792
1772034440.210953,0.23972401022911072,0.009545326232910156,-0.06914889812469482,0.24968036455652431
1772034440.315772,0.3258875906467438,-0.30542004108428955,0.6369916200637817,0.7779732946990854
1772034440.410061,-0.13417509198188782,-0.04583042860031128,-0.032538414001464844,0.14547210000466415
1772034440.5096111,0.07507148385047913,0.016026854515075684,0.06255340576171875,0.09902280709791245
1772034440.6092281,-0.14332865178585052,0.012669384479522705,0.05619454383850098,0.1544714940791885
1772034440.7087588,-0.22144493460655212,0.035661935806274414,-0.08776986598968506,0.24085925787521278
1772034440.808319,0.008910953998565674,0.013937950134277344,0.09735524654388428,0.09875077510951824
1772034440.907867,-0.19756846129894257,0.033515095710754395,0.01836688071489334,0.20123096393877338
1772034441.0074291,0.3412551283836365,0.021832764148712158,0.009972453117370605,0.3420982052856806
1772034441.1070008,0.15344548225402832,0.04255026578903198,0.14058226346969604,0.21241330924674098
1772034441.207036,-0.019096501171588898,0.041414618492126465,-0.12944190204143524,0.1372408575678154
1772034441.3061218,0.018101483583450317,-0.005701780319213867,-0.18369881808757782,0.18467655447701936
1772034441.405884,0.15995237231254578,-0.4617834687232971,0.1843065470457077,0.5223003318766352
1772034441.5052161,-0.40574562549591064,0.039164721965789795,0.21638904511928558,0.46150580375913103
1772034441.604805,-0.44256630539894104,0.43217170238494873,0.02755427360534668,0.6191902397572911
1772034441.7043328,-0.03626778721809387,0.21511560678482056,0.13137757778167725,0.25465691550766717
1772034441.803926,0.19685271382331848,-0.2973674535751343,-0.02882910519838333,0.3577841677490836
1772034441.903469,0.4358524978160858,-0.20804578065872192,-0.19196629524230957,0.5197129065277056
1772034442.0030231,0.4384957551956177,-2.440638542175293,0.5656813383102417,2.5434210027812107
1772034442.102592,0.04081684350967407,0.11540871858596802,0.5732203722000122,0.5861457004404869
1772034442.202149,0.22341561317443848,0.04918569326400757,-0.03803098201751709,0.23190542086201452
1772034442.301733,-0.7929408550262451,0.033792316913604736,0.11110073328018188,0.8013990848432111
1772034442.4013171,0.39844638109207153,0.05848747491836548,-0.04825657233595848,0.40559709084423956
1772034442.500849,-0.18240508437156677,0.033249080181121826,0.009855568408966064,0.1856724222014483
1772034442.600397,-0.0767507329583168,0.04202771186828613,-0.26745229959487915,0.28140315586914005
1772034442.69994,0.2791414260864258,0.02342391014099121,0.27314960956573486,0.3912535297345829
1772034442.799516,-0.5787148475646973,0.028875231742858887,0.28927284479141235,0.6476290856144057
1772034442.8991299,0.06254051625728607,-0.7319191694259644,0.38680216670036316,0.8302005197005221
1772034442.99865,-0.04383310675621033,0.0985262393951416,0.35657650232315063,0.3725259227305691
1772034443.098249,-0.21292518079280853,0.2644948363304138,-0.10283529758453369,0.35478126992613657
1772034443.1977959,0.093873530626297,0.10039234161376953,0.03782319277524948,0.14255334411600384
1772034443.297274,0.35156166553497314,-0.037382662296295166,-0.28376591205596924,0.4533389029843338
1772034443.396863,0.25242364406585693,-0.3859981894493103,-0.1841881275177002,0.4966261820122945
1772034443.496468,0.3282929062843323,-0.15413683652877808,-0.28536081314086914,0.46148151682177985
1772034443.596107,0.36076226830482483,-0.1041412353515625,-0.9815018177032471,1.0508761246159177
1772034443.6956549,-0.15909382700920105,0.0006320476531982422,0.03969085216522217,0.1639713664707074
1772034443.795176,0.25751930475234985,-0.06505692005157471,0.08623600751161575,0.2792583824315289
1772034443.894743,-0.052936479449272156,-0.022515416145324707,0.1775360107421875,0.18662328346412319
1772034443.9942598,-0.153272345662117,-0.010722935199737549,-0.07120823860168457,0.16934581934260937
1772034444.093793,0.2490636706352234,0.044717609882354736,0.37027204036712646,0.44847938697504974
1772034444.193478,0.02455359697341919,0.02114778757095337,0.15226608514785767,0.15567616622249505
1772034444.292978,0.2696935832500458,0.02509206533432007,0.057134270668029785,0.276818650877716
1772034444.392528,0.01937107741832733,0.006172239780426025,-0.10719876736402512,0.10910962793731944
1772034444.492087,-0.06822352111339569,-4.887580871582031e-05,-0.07357369363307953,0.10033712980132964
1772034444.591641,-0.343578577041626,-0.30410975217819214,-0.23783472180366516,0.5168117015579821
1772034444.691128,-0.396472692489624,-0.050441086292266846,0.18835987150669098,0.44183066922785363
1772034444.790742,-0.2922554314136505,0.1836090087890625,0.18066340684890747,0.38956998328096953
1772034444.890305,-0.0806128978729248,0.02861088514328003,0.003981348127126694,0.08563219712854472
1772034444.989842,0.10436782240867615,0.08292752504348755,-0.010085329413414001,0.13368369621440115
1772034445.089366,0.276274710893631,-0.2109876275062561,-0.06584395468235016,0.35380633291150887
1772034445.1890311,0.2708055377006531,-0.2770192623138428,-0.1489018052816391,0.41502657572543067
1772034445.2885818,0.41805607080459595,-0.046639442443847656,-0.10389542579650879,0.43329017462837555
1772034445.3881369,0.5401149988174438,0.01286405324935913,0.2448132038116455,0.5931468625678569
1772034445.487673,-0.5989229083061218,0.02860736846923828,0.11101686954498291,0.6097965045391501
1772034445.587235,0.4600168466567993,0.0014713406562805176,-0.5486135482788086,0.7159570443863631
1772034445.686761,-0.9042565226554871,0.045237839221954346,0.18658685684204102,0.9244138553746677
1772034445.786401,-0.07183679193258286,0.016203880310058594,0.16006869077682495,0.17619612986463326
1772034445.8860888,-0.008620329201221466,0.029927074909210205,-0.08737725019454956,0.09276165015630015
1772034445.9854999,-0.13030947744846344,0.029919862747192383,-0.16127300262451172,0.20948684797673622
1772034446.085046,-0.14464884996414185,0.032122790813446045,0.2819477915763855,0.31851172766539404
1772034446.184564,0.325611412525177,0.03343689441680908,0.06766724586486816,0.33424493120736826
1772034446.2843451,-0.623170018196106,-0.21015453338623047,-0.3881850838661194,0.7636710409708263
1772034446.383734,-0.3143424391746521,0.28030866384506226,0.07481604814529419,0.4277634359701083
1772034446.483321,-0.11396057903766632,0.16413640975952148,0.08125674724578857,0.21570914110512723
1772034446.582864,0.01790904998779297,-0.04706186056137085,-0.11657272279262543,0.12698327641957216
1772034446.682406,0.08536440134048462,0.05780160427093506,-0.19282841682434082,0.21865704838283817
1772034446.781942,0.3458804488182068,0.01217198371887207,-0.07937789708375931,0.3550806846447389
1772034446.881555,-0.38043203949928284,-2.1555018424987793,1.1338748931884766,2.465073833193723
1772034446.981237,-0.8220031261444092,0.0307924747467041,-0.20657134056091309,0.8481208844459265
1772034447.080642,0.11804215610027313,0.16544854640960693,0.7741684913635254,0.8004024145053099
1772034447.180202,-0.02363160252571106,0.004191756248474121,-0.7334780693054199,0.7338706300230213
1772034447.2798162,-0.17849409580230713,0.040779709815979004,0.4410961866378784,0.477586612914806
1772034447.3793669,-0.14725781977176666,0.047285377979278564,-0.09460223466157913,0.18130183467781522
1772034447.478941,0.16842113435268402,0.03468477725982666,-0.022978492081165314,0.17348407237707097
1772034447.578568,0.010425664484500885,0.01684427261352539,0.45121654868125916,0.45165119041540147
1772034447.678073,-0.5544865727424622,0.031017065048217773,-0.05814027786254883,0.5583884934217587
1772034447.7776031,0.24922873079776764,-0.8729651570320129,0.07205885648727417,0.9107006118616846
1772034447.877658,-0.202453151345253,-0.03771299123764038,0.26313817501068115,0.3341425554245764
1772034447.9767709,-0.2705398201942444,0.37492555379867554,0.15784937143325806,0.48854619972306845
1772034448.076308,0.05589158833026886,0.17044597864151,-0.013659954071044922,0.17989523514080463
1772034448.175922,0.24755430221557617,-0.053970277309417725,-0.1755586862564087,0.3082479127234642
1772034448.275459,0.4062133729457855,-0.22892433404922485,-0.13129198551177979,0.4844101986328305
1772034448.375006,1.2705738544464111,0.28080594539642334,0.38871753215789795,1.3580542030345164
1772034448.474567,-0.6023035049438477,-0.046054184436798096,0.27047812938690186,0.66185264103758
1772034448.5740929,0.1909652203321457,0.03277009725570679,-0.43401479721069336,0.475300366977023
1772034448.67359,0.5659785270690918,0.04237353801727295,0.5002174377441406,0.7565346620285902
1772034448.773261,-0.2850188910961151,0.03728842735290527,0.19687718152999878,0.3484061131830326
1772034448.8729548,0.08359115570783615,0.02742093801498413,0.11081230640411377,0.1414876546020624
1772034448.9723349,-0.012915894389152527,0.04667097330093384,-0.12683099508285522,0.1357611925052055
1772034449.071913,-0.21671149134635925,0.0429309606552124,0.07039056718349457,0.23186584442896413
1772034449.171462,0.525752604007721,-0.298287034034729,0.20173370838165283,0.6372499073295725
1772034449.271106,-0.17427510023117065,-0.032265424728393555,-0.05003964900970459,0.1841652373997401
1772034449.370676,-0.12881799042224884,0.1626908779144287,0.11296360939741135,0.23626928167048095
1772034449.47018,0.044477805495262146,-0.021157026290893555,0.08932602405548096,0.10200506613256174
1772034449.569827,0.15684175491333008,-0.03979438543319702,0.036080002784729004,0.16578508918851836
1772034449.669333,0.21546922624111176,0.06187796592712402,0.06573594361543655,0.23361738892307135
1772034449.768887,0.24038228392601013,-0.4167602062225342,-0.04048895090818405,0.4828168048667936
1772034449.868469,0.3026058077812195,0.09482532739639282,0.38266420364379883,0.49698491965964137
1772034449.9682121,0.14248508214950562,0.01310640573501587,0.00594729371368885,0.14321014911297
1772034450.0675368,0.21682697534561157,-0.04329270124435425,0.056400544941425323,0.22818680217806
1772034450.1670809,-0.2174295336008072,-0.38506942987442017,-0.12437407672405243,0.45937237494938243
1772034450.266649,-0.19081437587738037,0.22018563747406006,-0.12944556772708893,0.31882282853572574
1772034450.366127,-0.04101787507534027,0.2659476399421692,0.08169311285018921,0.2812194480359771
1772034450.4655352,0.027260124683380127,-0.068839430809021,0.1951075941324234,0.20868386358318622
1772034450.565134,0.02278277277946472,0.0018740296363830566,-0.1279318630695343,0.12995817908481497
1772034450.664765,0.1463274359703064,0.19193488359451294,-0.023179560899734497,0.24246238904536896
1772034450.764326,0.2615305781364441,0.035944461822509766,0.03385922312736511,0.26615163840728323
1772034450.863927,-0.09496966004371643,-0.016259849071502686,0.004768967628479004,0.09646948778182973
1772034450.9635181,-0.0029096901416778564,-0.03871035575866699,-0.1305929720401764,0.13624053099562344
1772034451.063105,0.03010663390159607,-0.028445124626159668,0.14579355716705322,0.1515628444946363
1772034451.162856,-0.0957162082195282,0.016492247581481934,0.0384959876537323,0.1044774033542626
1772034451.262195,-0.11392807960510254,-0.0300980806350708,0.06202748417854309,0.1331649750269988
1772034451.3618212,0.05077686905860901,0.03289514780044556,-0.03935405611991882,0.07217425381185456
1772034451.461328,-0.06474122405052185,-0.005928158760070801,-0.045826882123947144,0.07954038146153575
1772034451.560907,0.01588672399520874,-0.007567346096038818,0.025096774101257324,0.030651277241360034
1772034451.660449,-0.0504765510559082,-0.09338325262069702,0.02497270703315735,0.10905021858338722
1772034451.7599978,0.01768288016319275,-0.0014469027519226074,0.04392439126968384,0.04737224848845192
1772034451.859612,0.012047648429870605,-0.008797883987426758,0.07828602194786072,0.07969472898358407
1772034451.959155,-0.0544472336769104,0.001674950122833252,-0.08405482769012451,0.10016247186945113
1772034452.058702,-0.019993573427200317,-0.00610429048538208,-0.09171813726425171,0.0940703037304701
1772034452.1582189,0.03145208954811096,-0.01120084524154663,0.014940083026885986,0.03657730104747636
1772034452.25779,-0.03644293546676636,-0.00974208116531372,-0.03405770659446716,0.05082246618712309
1772034452.357336,0.02104613184928894,-0.013681232929229736,0.048115819692611694,0.05427013824354434
1772034452.4570131,0.01206710934638977,-0.010756611824035645,0.017444133758544922,0.02378271701250127